"","goal","usd_goal_real","title_length","title_punc","title_caps_ratio","currency_is_usd","country_is_us","launched_epoch","open_epoch","target"
"4002",3000,3000,11,0,0.181818181818182,1,1,1279333013,2688187,1
"4003",650,600.79,37,0,0.243243243243243,0,0,1393308607,2501393,1
"4005",1500,1500,26,0,0.0384615384615385,1,1,1396939792,2585408,0
"4006",5000,3348.96,60,2,0.120689655172414,0,0,1441535878,2571722,0
"4007",4800,4800,52,1,0.117647058823529,1,1,1352525545,1988855,1
"4008",3000,3305.09,26,0,0.0769230769230769,0,0,1443663823,2517377,0
"4009",25,23.03,33,0,0.0606060606060606,0,0,1406687554,2514446,0
"4010",4000,4000,60,5,0.0545454545454545,1,1,1297501064,2322136,1
"4011",500,500,30,3,0.185185185185185,1,1,1505499239,1593961,1
"4012",2000,2000,10,0,0.2,1,1,1359606566,2511034,1
"4013",5900,9232.31,37,0,0.135135135135135,0,0,1416122234,2414566,1
"4014",6000,6000,60,3,0.0526315789473684,1,1,1302265246,6021554,0
"4015",500,500,26,1,0.12,1,1,1484169485,2968915,0
"4016",5000,5000,39,1,0.894736842105263,1,1,1396401633,1654767,0
"4017",3000,3000,41,1,0.075,1,1,1362183732,2522268,0
"4018",5000,5000,55,4,0.0980392156862745,1,1,1376949879,2530521,0
"4019",10000,10000,58,1,0.228070175438596,1,1,1368311101,5121299,0
"4020",10000,10000,26,1,0,1,1,1340694307,2584493,1
"4021",2000,2000,42,1,0.121951219512195,1,1,1418164718,3828082,0
"4022",6500,6500,24,0,0.166666666666667,1,1,1307536159,2997041,1
"4023",10100,10100,31,0,0.32258064516129,1,1,1339786572,2628228,0
"4024",18500,17058.55,37,0,0.108108108108108,0,0,1398257266,2563934,0
"4025",4000,4000,18,0,0.277777777777778,1,1,1344988794,2523606,1
"4026",5000,3591.18,46,1,0.155555555555556,0,0,1452567558,2516442,0
"4027",10000,10000,23,1,0.181818181818182,1,1,1451372901,2587899,0
"4028",199,199,48,3,0.311111111111111,1,1,1478234298,436902,1
"4029",3000,3000,46,0,0.108695652173913,1,1,1370922249,1300551,0
"4030",65000,65000,55,1,0.12962962962963,1,1,1469322507,2519493,0
"4031",21000,21000,24,0,0.166666666666667,1,1,1444442552,2519848,0
"4032",2000,2000,28,2,0.0769230769230769,1,1,1365315601,2587199,1
"4033",18000,18000,14,0,0.214285714285714,1,1,1469016388,3862412,0
"4034",1500,1500,32,1,0.161290322580645,1,1,1475688849,2982351,0
"4035",6000,6000,51,4,0.297872340425532,1,1,1336872541,2518259,1
"4036",900,900,6,1,0.2,1,1,1442875841,2527759,0
"4037",5000,5000,27,0,0.148148148148148,1,1,1427936299,3816101,0
"4038",25000,18863.65,17,0,0.176470588235294,0,0,1508163885,2561715,1
"4039",650,650,15,0,0.2,1,1,1456541721,2513079,1
"4041",700,700,38,3,0.171428571428571,1,1,1511931139,1904861,0
"4042",11000,12553.21,7,0,0.571428571428571,0,0,1493779271,5105929,0
"4043",6000,6532.18,31,1,0.833333333333333,0,0,1444854045,6341955,1
"4044",3000,4299.66,34,2,0.125,0,0,1449844326,2561274,0
"4045",800,800,37,2,0.2,1,1,1413518105,954295,1
"4046",20000,20389.65,9,1,0.25,0,0,1508862185,2554615,1
"4047",5000,5000,67,1,0.0151515151515152,1,1,1287535864,2524136,0
"4048",2500,2500,51,1,0.14,1,1,1314735993,5128407,0
"4049",65000,65000,18,0,0.222222222222222,1,1,1462223258,2533942,0
"4050",250,337.2,42,3,0.0512820512820513,0,0,1509045574,2544026,1
"4051",12000,12000,32,5,0.185185185185185,1,1,1497830384,2523616,1
"4052",25000,25000,30,1,0.275862068965517,1,1,1486787513,3457687,0
"4053",25000,25000,59,2,0.140350877192982,1,1,1441749707,3999493,0
"4057",6000,6000,18,0,0.222222222222222,1,1,1336093798,2865002,0
"4058",40000,40000,39,1,0.131578947368421,1,1,1457216393,2702407,1
"4060",15000,15000,52,2,0.1,1,1,1409823969,3525231,1
"4061",250,250,26,2,0.166666666666667,1,1,1457664114,1131486,0
"4062",1e+05,11913.27,29,1,0.107142857142857,0,0,1454122070,3381130,0
"4063",60500,60500,56,2,0.166666666666667,1,1,1441753077,3823323,1
"4064",2000,2000,60,1,0.11864406779661,1,1,1376510636,2537764,1
"4065",10000,10000,37,2,0.228571428571429,1,1,1498597018,2620982,1
"4066",38000,42407.87,23,0,0.0869565217391304,0,0,1441476326,1767274,0
"4067",55000,55000,19,0,0.105263157894737,1,1,1419292690,2527310,0
"4068",5000,3664.35,5,0,0.2,0,0,1489193144,3644056,0
"4070",8000,8000,59,1,0.0344827586206897,1,1,1446674427,2966373,1
"4071",1000,1000,51,2,0.163265306122449,1,1,1493870333,2509267,1
"4072",1500,1500,25,1,0.166666666666667,1,1,1359768659,3382141,1
"4073",8000,8000,55,2,0.132075471698113,1,1,1300617910,5508890,0
"4074",4500,4500,53,2,0.137254901960784,1,1,1244470958,7483042,0
"4075",3700,6334.42,58,1,0.0526315789473684,0,0,1402097489,2525311,0
"4077",5000,5000,52,4,0.125,1,1,1308362369,5108431,1
"4078",10000,10000,54,4,0.1,1,1,1496778149,2539051,0
"4080",5500,4221.68,27,0,0.185185185185185,0,0,1456576472,2564728,0
"4081",500,469.97,42,0,0.0238095238095238,0,0,1400166035,2555965,0
"4082",3000,3000,44,4,0.2,1,1,1466463832,2526968,0
"4083",6000,4476.28,60,1,0.0847457627118644,0,0,1485984562,2536238,0
"4084",6500,6500,57,2,0.145454545454545,1,1,1313801594,2520406,0
"4085",1000,901.96,9,0,0.111111111111111,0,0,1393147500,1539300,1
"4086",6000,10062.05,60,3,0.087719298245614,0,0,1391481953,2517247,1
"4087",1000,1000,55,2,0.132075471698113,1,1,1298152266,2531334,1
"4088",125000,125000,49,1,0.125,1,1,1365183249,2546751,0
"4089",30000,48102.36,32,2,0.1,0,0,1410397614,2519586,0
"4090",1e+05,1e+05,60,1,0.254237288135593,1,1,1416967063,2606537,1
"4091",60000,60000,38,2,0.111111111111111,1,1,1480378196,3390604,1
"4092",5000,5000,54,0,0.12962962962963,1,1,1338530989,2587811,0
"4093",2000,2000,51,1,0.16,1,1,1316245620,5177580,1
"4095",3500,3500,43,0,0.116279069767442,1,1,1264558398,7699602,0
"4097",1500,1948.79,13,0,0.153846153846154,0,0,1497823175,2530825,0
"4098",50000,7247.22,17,0,0.117647058823529,0,0,1426651110,2336490,0
"4099",20000,16062.97,8,0,0.25,0,0,1422086757,2584443,0
"4100",1000,1698.8,43,3,0.15,0,0,1403211221,2534779,0
"4101",3098,3098,42,2,0.25,1,1,1474141178,984022,1
"4102",10000,10000,52,2,0.14,1,1,1415860582,2589818,1
"4103",300,280.71,53,7,0.217391304347826,0,0,1402020400,1479200,1
"4104",7000,7000,31,1,0.466666666666667,1,1,1382685331,2069069,1
"4105",10000,10000,48,4,0.136363636363636,1,1,1306542000,3818400,1
"4106",8000,8000,17,0,0.941176470588235,1,1,1454441441,2024959,1
"4107",10000,10000,60,2,0.120689655172414,1,1,1430523990,2524410,0
"4108",3000,3000,19,0,0.157894736842105,1,1,1452334580,2576620,0
"4109",1700,1360,15,0,0.2,0,0,1430364743,2683657,0
"4110",15000,15047.1,25,0,0.08,0,0,1441291466,5152534,1
"4111",2000,2187.8,20,0,0.1,0,0,1435157509,2556491,0
"4112",55555,55555,38,3,0.114285714285714,1,1,1369061941,2383259,0
"4114",60000,60000,57,1,0.267857142857143,1,1,1462933551,3897249,0
"4115",300,300,18,0,0.166666666666667,1,1,1510368537,2517063,1
"4116",13000,13000,59,2,0.140350877192982,1,1,1407800612,2524588,0
"4117",2150,2069.5,6,0,0.166666666666667,0,0,1378760533,2534267,0
"4118",10000,10000,55,2,0.0754716981132075,1,1,1394591415,3810585,0
"4119",30000,30000,37,1,0.138888888888889,1,1,1504679972,4314028,1
"4121",15000,15000,15,0,0.133333333333333,1,1,1321685117,5008483,1
"4122",10000,7422.25,38,1,0.189189189189189,0,0,1489972582,2519018,0
"4123",5000,5000,10,0,0.1,1,1,1336504292,3836908,1
"4124",1000,1000,55,2,0.132075471698113,1,1,1473895605,3821595,1
"4125",1200,1200,35,3,0.1875,1,1,1322187921,3987279,1
"4126",16000,16000,37,2,0.285714285714286,1,1,1427932077,2524323,0
"4127",800,800,12,0,0.0833333333333333,1,1,1353369312,2527488,0
"4128",1000,1293.95,47,1,0.130434782608696,0,0,1491263948,2696452,1
"4129",10000,10000,29,1,0.142857142857143,1,1,1319332488,5114712,0
"4130",80000,4271.22,23,0,0.130434782608696,0,0,1490436796,4387604,0
"4131",10000,10000,56,3,0.150943396226415,1,1,1448966417,2575183,0
"4132",5000,5000,56,1,0.0909090909090909,1,1,1442109671,2516329,1
"4133",3500,3500,26,0,0.0769230769230769,1,1,1403501512,2590088,0
"4134",30000,30000,12,0,0.166666666666667,1,1,1345011598,4315202,1
"4136",2000,2000,33,1,0.15625,1,1,1472770426,2527574,1
"4137",50000,56814.95,38,1,0.27027027027027,0,0,1456257662,3401938,1
"4140",3000,3000,34,1,0.454545454545455,1,1,1339219298,2590702,1
"4141",50000,50000,19,0,0.157894736842105,1,1,1447199758,2959442,0
"4142",1750,1750,39,2,0.135135135135135,1,1,1339647952,2507648,1
"4143",65000,65000,44,4,0.1,1,1,1421915633,2582767,0
"4144",80000,130725.36,34,1,0.121212121212121,0,0,1406779953,4236447,0
"4145",40000,40000,38,2,0.277777777777778,1,1,1428092180,2623420,1
"4147",20000,20000,6,0,0.166666666666667,1,1,1409130627,3440973,0
"4148",23000,23000,13,0,0.846153846153846,1,1,1365113550,3134850,0
"4150",1300,1300,42,3,0.230769230769231,1,1,1329922379,3334021,0
"4151",5000,5000,40,1,0.153846153846154,1,1,1456547783,3803017,0
"4152",4000,4000,14,0,0.142857142857143,1,1,1405409534,2669266,0
"4153",750,750,40,3,0.27027027027027,1,1,1441186363,2575637,0
"4154",2000,2000,29,1,0.178571428571429,1,1,1344513094,2567306,1
"4155",3000,3727.26,32,0,0.125,0,0,1481930225,5121775,0
"4156",10000,7675.19,42,1,0.0975609756097561,0,0,1509484306,3833294,0
"4157",5000,5707.5,59,2,0.0526315789473684,0,0,1497364216,2644184,1
"4158",2700,2700,55,2,0.0377358490566038,1,1,1414010656,2538944,0
"4159",10000,9160.86,6,0,1,0,0,1404803191,2584409,0
"4160",5000,5000,45,3,0.214285714285714,1,1,1503291948,690852,1
"4161",4000,4000,51,2,0.163265306122449,1,1,1419034142,2613058,0
"4162",700,1138.9,46,0,0.173913043478261,0,0,1385080126,1661474,1
"4163",78100,78100,45,6,0.333333333333333,1,1,1343657432,5150968,1
"4164",20000,20000,40,0,0.15,1,1,1441928519,2524681,0
"4165",100,156.73,19,0,0.368421052631579,0,0,1437593079,2367321,0
"4166",7000,7000,32,2,0.166666666666667,1,1,1327124804,3543196,0
"4167",110,110,21,0,0.19047619047619,1,1,1482571730,2579470,1
"4168",1500,1500,5,0,0.2,1,1,1440302344,2509256,0
"4169",30000,30000,19,2,0.235294117647059,1,1,1414137321,5177079,0
"4170",3500,3500,31,0,0.129032258064516,1,1,1440826263,1294137,0
"4171",500,500,52,1,0.0588235294117647,1,1,1328132609,2535391,1
"4173",250000,250000,59,1,0.155172413793103,1,1,1442599625,2544775,0
"4174",12000,12000,14,0,0.142857142857143,1,1,1304765320,5163080,0
"4175",500,458.72,57,2,0.527272727272727,0,0,1405209355,2351045,0
"4176",2700,2700,24,1,0.173913043478261,1,1,1424731375,2787425,0
"4178",10000,10000,57,6,0.372549019607843,1,1,1400014257,2534943,1
"4179",13950,10973.88,38,0,0.131578947368421,0,0,1499405500,2590100,0
"4180",5000,5000,37,0,0.135135135135135,1,1,1447196255,5122945,0
"4181",2000,3244.65,51,0,0.0980392156862745,0,0,1353365030,2531770,1
"4182",15000,15000,59,1,0.103448275862069,1,1,1435015492,2784908,1
"4183",2325,2325,47,4,0.325581395348837,1,1,1250588215,3612185,1
"4184",50000,53159.82,60,2,0.155172413793103,0,0,1481075836,3384164,0
"4185",75000,75000,55,0,0.836363636363636,1,1,1337130139,2519861,0
"4186",7500,9294.72,14,0,0.214285714285714,0,0,1414067140,1272860,0
"4187",750,750,35,4,0.0967741935483871,1,1,1506994789,2517611,1
"4188",7000,7000,57,1,0.178571428571429,1,1,1498298900,1795900,1
"4189",1000,1101.7,15,1,0.142857142857143,0,0,1443568314,2526486,0
"4190",450,450,28,2,0.115384615384615,1,1,1501030800,2520000,1
"4191",2000,2155.2,14,0,0.142857142857143,0,0,1424231753,2509447,0
"4192",50000,77432.94,60,4,0.0714285714285714,0,0,1430697582,2955618,0
"4194",1350,1350,31,1,0.166666666666667,1,1,1491783303,2522697,1
"4195",2860,2860,51,1,0.14,1,1,1338710313,2494887,1
"4196",45000,45000,46,4,0.0952380952380952,1,1,1325909628,2598372,0
"4197",14000,14000,39,2,0.162162162162162,1,1,1383012594,2519406,1
"4198",4250,4250,29,2,0.222222222222222,1,1,1341285527,2511673,1
"4199",3000,3000,4,0,0.25,1,1,1462433273,2496727,0
"4201",600,902.05,59,2,0.0701754385964912,0,0,1360904013,1127187,0
"4202",2800,3151.13,59,3,0.107142857142857,0,0,1460492844,5128356,0
"4203",7500,7500,30,2,0.214285714285714,1,1,1419636482,3133918,0
"4204",5000,5000,18,0,0.111111111111111,1,1,1348194641,3464959,0
"4205",60,60,38,2,0.277777777777778,1,1,1477712892,1390308,1
"4206",5000,5000,47,2,0.133333333333333,1,1,1426811718,2521482,1
"4207",3000,3000,49,4,0.288888888888889,1,1,1417990379,2533621,1
"4208",500,500,20,0,0.15,1,1,1391652571,2692229,1
"4210",400,319.77,35,0,0.0285714285714286,0,0,1425716206,1716194,0
"4211",400,400,39,1,0.105263157894737,1,1,1304604435,831165,1
"4212",1850,1850,41,1,0.125,1,1,1351307037,2516163,1
"4213",20000,20000,20,0,0.15,1,1,1409860350,5134050,0
"4214",25000,37461.6,15,0,0.8,0,0,1418954127,2520273,0
"4215",20000,20000,59,1,0.120689655172414,1,1,1467194669,2832931,1
"4216",2000,2000,26,2,0,1,1,1393356992,5131408,0
"4217",6666,8281.98,41,1,0.8,0,0,1484573238,2565162,0
"4218",15000,11216.63,60,1,0.11864406779661,0,0,1479223144,2472056,0
"4219",6000,6000,24,1,0.434782608695652,1,1,1372213831,2514569,1
"4220",8e+05,651943.61,38,3,0,0,0,1431775754,2568646,0
"4221",35000,35000,20,0,0.45,1,1,1351895583,3050817,1
"4222",33000,56573.69,53,1,0.115384615384615,0,0,1401302637,2801763,0
"4223",10000,10000,52,2,0.14,1,1,1416773854,2540546,0
"4225",3500,3500,29,2,0.222222222222222,1,1,1249352596,2169404,1
"4226",32000,32000,55,0,0.127272727272727,1,1,1450246276,2591324,0
"4227",20000,20000,24,0,0.166666666666667,1,1,1325579180,3879220,0
"4228",3000,3000,26,0,0.153846153846154,1,1,1449190257,2524143,0
"4230",4500,4922.55,46,0,0.0869565217391304,0,0,1435908473,1805527,1
"4231",1200,1200,18,0,0.111111111111111,1,1,1352460528,1881072,1
"4232",10000,10000,39,2,0.189189189189189,1,1,1329963789,1651011,1
"4233",35000,54853.78,12,0,0.25,0,0,1437443420,2516980,0
"4234",200,200,50,2,0.125,1,1,1508424905,2732695,1
"4236",10000,10000,60,11,0.285714285714286,1,1,1404975776,2584624,0
"4237",3300,3300,57,2,0.127272727272727,1,1,1440150746,2315254,0
"4238",8460,6115.81,20,0,0.1,0,0,1460819812,2554988,0
"4239",5000,5000,56,3,0.113207547169811,1,1,1461612135,2453865,1
"4240",1200,1200,72,4,0.294117647058824,1,1,1285396281,4490919,1
"4241",5000,5000,42,3,0.128205128205128,1,1,1425957671,1906729,1
"4242",15000,15000,17,0,0.176470588235294,1,1,1408111117,2300483,0
"4243",2000,2000,21,1,0.2,1,1,1356679037,2587363,0
"4244",10000,10000,60,2,0.120689655172414,1,1,1373404423,3483977,0
"4245",3500,3500,27,0,0.148148148148148,1,1,1358249706,2571894,0
"4246",2500,3518.85,34,2,0.15625,0,0,1459188530,816670,1
"4247",2000,2000,42,2,0.125,1,1,1346898286,2514914,1
"4248",11000,11000,47,4,0.13953488372093,1,1,1384459089,2800911,1
"4249",200,200,37,3,0.117647058823529,1,1,1486869207,2511993,1
"4250",2100,2100,58,2,0.178571428571429,1,1,1407549871,2516129,0
"4251",1500,1500,56,4,0.115384615384615,1,1,1424839504,2506496,0
"4252",450,450,32,0,0.21875,1,1,1489534156,1747844,1
"4254",7000,7000,18,0,0.0555555555555556,1,1,1426656404,3886396,0
"4255",15000,15000,80,4,0.184210526315789,1,1,1268871563,4423237,0
"4256",12000,12000,14,0,0.142857142857143,1,1,1401293125,2465675,1
"4257",10000,10000,17,1,0.125,1,1,1407799974,2784426,0
"4258",500,500,9,0,0.222222222222222,1,1,1503363346,2520254,0
"4259",20000,20000,16,0,0.1875,1,1,1484702161,5111039,0
"4260",7000,7000,20,0,0.2,1,1,1346394505,2586695,0
"4261",1e+05,1e+05,22,0,0.181818181818182,1,1,1449709605,2523195,0
"4262",20000,20000,19,0,0.157894736842105,1,1,1483057744,5117456,0
"4263",550,550,48,0,0.145833333333333,1,1,1410473300,2184700,1
"4264",5000,5000,48,1,0.0638297872340425,1,1,1381054994,3440206,0
"4265",45000,45000,28,1,0.185185185185185,1,1,1364850792,2620008,1
"4266",3000,3000,32,0,0.21875,1,1,1477023231,3375969,0
"4267",4000,4000,28,1,0.148148148148148,1,1,1479251683,2529917,1
"4268",25000,25000,32,1,0.870967741935484,1,1,1340700806,2577994,0
"4269",1000,1000,53,0,0.188679245283019,1,1,1440109142,2443258,0
"4270",10000,10000,19,1,0.166666666666667,1,1,1395649769,2579431,1
"4272",400,400,15,0,0.133333333333333,1,1,1432137652,3416348,0
"4273",10,10,15,1,0.142857142857143,1,1,1405524793,2467607,0
"4274",5000,4387.12,32,0,0.0625,0,0,1415529852,1538148,0
"4275",900,900,39,1,0,1,1,1432523399,5104201,0
"4276",2500,4172.51,24,0,0,0,0,1405389832,2516168,0
"4277",10000,10000,42,0,0.142857142857143,1,1,1425363634,2587166,0
"4278",10000,10000,11,0,0.181818181818182,1,1,1334638750,3369650,0
"4279",45000,45000,60,2,0.137931034482759,1,1,1352496599,2536201,0
"4280",33000,1597.68,9,1,0.125,0,0,1479885309,2846691,0
"4282",2000,2000,28,0,0.178571428571429,1,1,1494208157,2517043,0
"4283",60000,94917.18,19,0,0.157894736842105,0,0,1412974528,2279072,0
"4284",3200,3200,19,0,0.210526315789474,1,1,1298621013,5691387,0
"4285",10000,10000,21,0,0.19047619047619,1,1,1404456719,5090881,0
"4286",22000,22000,65,2,0.142857142857143,1,1,1272116039,2820361,0
"4287",650,650,27,0,0.037037037037037,1,1,1326938267,3643333,0
"4288",6500,6500,42,2,0.275,1,1,1384492668,1989732,1
"4289",1000,1582.93,48,2,0.0652173913043478,0,0,1376970778,2077622,1
"4290",50000,50000,20,0,0.15,1,1,1438971757,2543843,0
"4292",1e+05,1e+05,48,2,0.152173913043478,1,1,1380590609,2604991,1
"4293",15000,16047.07,18,0,0.111111111111111,0,0,1488394672,3837728,0
"4294",2500,2500,33,2,0.161290322580645,1,1,1388461627,2686373,1
"4295",500,500,24,2,0.727272727272727,1,1,1429139895,2526105,0
"4296",3000,3000,34,1,0.151515151515152,1,1,1451893441,2585759,1
"4297",25000,25000,52,2,0.16,1,1,1472084855,2521945,0
"4298",9000,9000,34,1,0.181818181818182,1,1,1358568691,4927709,0
"4299",20000,20000,50,0,0.12,1,1,1493756819,2536381,1
"4300",25000,25000,32,2,0.433333333333333,1,1,1402007641,5120759,0
"4301",15000,15000,8,1,0.285714285714286,1,1,1405108984,2537816,0
"4302",5000,5000,55,2,0.132075471698113,1,1,1442874840,2528760,0
"4303",500,782.4,60,3,0.0701754385964912,0,0,1413769480,5112920,0
"4306",10000,10000,56,1,0.0727272727272727,1,1,1425526019,5103181,1
"4307",1500,1500,48,1,0.127659574468085,1,1,1501634224,2521376,0
"4308",25000,35325.2,34,1,0.151515151515152,0,0,1456185834,2523366,0
"4309",10000,10000,11,0,0.181818181818182,1,1,1423657146,2565654,0
"4310",3001,3001,59,3,0.160714285714286,1,1,1323370358,3409642,1
"4311",4000,4000,22,0,0.136363636363636,1,1,1504683937,4914863,0
"4312",2000,2000,7,0,0.142857142857143,1,1,1345171368,3291432,0
"4313",18000,18000,60,1,0.0338983050847458,1,1,1367619251,2529949,0
"4314",10000,10000,28,0,0.107142857142857,1,1,1424135439,2519361,0
"4315",5000,8402.09,58,1,0.473684210526316,0,0,1404249373,2706227,1
"4316",7500,7500,27,3,0.166666666666667,1,1,1463548020,2505180,1
"4317",500,500,20,0,0.15,1,1,1411375951,2578049,0
"4318",1660,1896.88,54,1,0.0377358490566038,0,0,1459809310,2528690,0
"4320",10500,11314.78,14,1,0.230769230769231,0,0,1424266334,2042866,0
"4321",30000,30000,10,0,0.2,1,1,1451432856,3823944,0
"4322",5500,5500,58,2,0.178571428571429,1,1,1424612407,5152793,0
"4324",2014,2014,3,0,1,1,1,1388290830,1301970,0
"4325",6000,6000,40,0,0.15,1,1,1317857586,1315614,0
"4326",35000,35000,57,3,0.12962962962963,1,1,1463506287,3842913,1
"4327",83,83,25,0,0.12,1,1,1313913884,2580916,0
"4328",1000,1518.42,7,0,0.142857142857143,0,0,1424288911,1246289,0
"4329",500,500,11,0,0.181818181818182,1,1,1494887436,1232964,0
"4330",5000,8068.42,35,0,0.0857142857142857,0,0,1353602465,2553535,0
"4332",60000,60000,48,2,0.173913043478261,1,1,1316077771,5172629,0
"4333",5000,5645,33,0,0.0909090909090909,0,0,1469115479,2553721,0
"4334",60000,60000,28,0,0.285714285714286,1,1,1406290195,2566205,0
"4335",850,850,49,1,0.145833333333333,1,1,1341981864,2506536,0
"4336",50000,50000,54,2,0.134615384615385,1,1,1433675137,2570063,0
"4337",200,200,35,0,0.0571428571428571,1,1,1388214051,2588349,1
"4338",3500,3500,55,2,0.113207547169811,1,1,1413103493,2582107,1
"4340",950,950,54,0,0.0925925925925926,1,1,1370579353,2161847,1
"4341",25,22.9,21,1,0.2,0,0,1406624390,590410,0
"4342",1500,1500,11,1,0.2,1,1,1392167445,5111355,0
"4343",25000,25000,27,0,0.148148148148148,1,1,1349172952,2573048,1
"4344",10000,10000,60,2,0.258620689655172,1,1,1426551498,2522502,1
"4345",5000,5000,17,0,0.176470588235294,1,1,1364277890,2847310,0
"4346",2500,2500,22,0,0.136363636363636,1,1,1360982473,2600327,1
"4347",5000,5000,31,1,0.166666666666667,1,1,1389235868,2516932,1
"4348",5000,5000,38,0,0.105263157894737,1,1,1366835264,2536336,1
"4349",500,500,36,1,0.114285714285714,1,1,1337668960,3277040,1
"4351",5000,5000,59,3,0.160714285714286,1,1,1396490405,2516395,1
"4353",3500,4357.52,44,0,0.0681818181818182,0,0,1415835101,2528899,0
"4355",111100,111100,23,0,0.0434782608695652,1,1,1453358459,2589541,0
"4357",1000,1525.9,18,0,0.166666666666667,0,0,1366915716,5134284,0
"4359",5000,5000,14,0,0.142857142857143,1,1,1475314221,2575779,0
"4360",1300,1300,11,0,0.181818181818182,1,1,1364358718,2593682,0
"4362",750,750,10,0,0.1,1,1,1412301628,1479572,1
"4363",30000,38469.43,16,0,0.1875,0,0,1499982472,3395528,0
"4364",15000,11658.64,52,2,0.12,0,0,1466029222,2529578,1
"4365",15000,15000,18,0,0.111111111111111,1,1,1471384926,2444274,1
"4366",1600,1600,47,1,0.260869565217391,1,1,1425333605,2530795,1
"4368",50000,58824.91,9,0,0.111111111111111,0,0,1498208432,3873568,0
"4369",5000,5000,45,1,0.113636363636364,1,1,1317347670,2775930,1
"4370",1100,1100,17,0,0.176470588235294,1,1,1488405544,2530856,0
"4371",3000,3000,56,2,0.0925925925925926,1,1,1331942530,2437070,1
"4372",550,550,50,1,0.142857142857143,1,1,1380113844,748956,1
"4373",30000,30000,26,0,0.0769230769230769,1,1,1332300499,2511101,0
"4374",20000,20000,27,1,0.153846153846154,1,1,1425564036,2559564,0
"4375",200,200,57,4,0.150943396226415,1,1,1469235972,3470028,1
"4376",2500,2500,32,1,0.129032258064516,1,1,1440548012,2522788,1
"4377",3200,3200,40,1,0.153846153846154,1,1,1485484905,2517495,1
"4378",50000,38048.85,59,1,0.137931034482759,0,0,1480586471,3441529,0
"4379",10000,10000,21,0,0.142857142857143,1,1,1297750689,2414511,0
"4380",3000,3000,40,3,0.135135135135135,1,1,1431138348,4588452,1
"4381",20000,20000,20,0,0.25,1,1,1329016600,2511800,0
"4382",5000,5000,16,0,0.1875,1,1,1409721553,862847,1
"4383",5000,673.59,40,0,0.075,0,0,1414802426,2265574,1
"4384",3500,3500,57,0,0.087719298245614,1,1,1334903120,3623680,0
"4385",10000,10000,59,2,0.175438596491228,1,1,1333616520,2577480,0
"4386",9350,9350,13,0,0.0769230769230769,1,1,1404279572,2589628,1
"4387",5000,5000,50,2,0.145833333333333,1,1,1418083368,3391032,0
"4388",18000,18000,48,0,0.145833333333333,1,1,1480629820,1842980,1
"4389",13500,13500,47,2,0.0444444444444444,1,1,1335801640,3848360,0
"4390",3000,3000,42,3,0.128205128205128,1,1,1282260046,2871554,1
"4391",1000,1297.81,54,1,0.132075471698113,0,0,1495907762,2545438,1
"4392",30000,35430,45,1,0.159090909090909,0,0,1504893971,2544829,0
"4393",500,755.42,29,0,0.172413793103448,0,0,1370917071,2515329,1
"4394",6200,6200,58,3,0.163636363636364,1,1,1336083986,3566014,0
"4395",2500,1979.1,9,0,0.111111111111111,0,0,1501504665,1268535,1
"4396",5000,5000,60,6,0.203703703703704,1,1,1331975497,2576903,0
"4397",9200,9200,31,0,0.161290322580645,1,1,1404556724,2658076,0
"4398",6000,6000,14,0,0.0714285714285714,1,1,1406837918,4524082,0
"4399",2600,2600,12,0,0.916666666666667,1,1,1299130241,7774159,1
"4400",3000,5007.01,38,1,0.0810810810810811,0,0,1405048015,2512385,0
"4401",150000,150000,41,1,0.125,1,1,1422423208,2507192,0
"4403",1000,1000,50,2,0.166666666666667,1,1,1312977958,2566442,1
"4404",3500,3500,59,2,0.105263157894737,1,1,1383868612,2527388,1
"4405",33500,25319.33,52,4,0.104166666666667,0,0,1492819771,5115029,0
"4407",10000,10000,42,3,0.128205128205128,1,1,1476226654,3394946,1
"4408",30000,30000,47,0,0.127659574468085,1,1,1406675460,2526540,0
"4409",7500,5544.47,57,2,0.109090909090909,0,0,1493849675,2529925,0
"4410",3500,3500,26,5,0.428571428571429,1,1,1355188564,2522636,0
"4411",7000,5293.81,57,1,0.107142857142857,0,0,1494985263,2517537,0
"4413",50000,50000,54,2,0.173076923076923,1,1,1478550138,3404262,1
"4414",900,900,18,1,0.176470588235294,1,1,1348111933,2510867,0
"4415",27500,27500,54,1,0.113207547169811,1,1,1367534201,3133399,0
"4417",200,200,32,1,0.161290322580645,1,1,1441075215,2513985,1
"4419",15000,11607.21,53,0,0.0188679245283019,0,0,1464657747,2518653,0
"4420",450,701.02,41,2,0.102564102564103,0,0,1376444123,1740277,0
"4421",70,70,12,0,0.0833333333333333,1,1,1447822762,2509238,0
"4422",19000,19000,53,1,0.865384615384615,1,1,1425943206,2525994,0
"4424",500,500,37,1,0.138888888888889,1,1,1490590460,518740,0
"4425",2e+05,212179.08,10,0,0.9,0,0,1482561503,5181697,0
"4426",6783,6783,49,4,0.311111111111111,1,1,1398480280,2513720,0
"4427",26495,26495,32,1,0.290322580645161,1,1,1436405632,2517968,1
"4428",1e+05,1e+05,39,1,0.157894736842105,1,1,1407331447,3857753,1
"4429",150,150,33,1,0,1,1,1339197989,1834411,0
"4430",2000,2000,20,1,0.157894736842105,1,1,1429674236,2250964,0
"4431",1500,1500,17,0,0.176470588235294,1,1,1431466473,717927,1
"4432",15000,15000,52,4,0.1875,1,1,1398226164,2681436,1
"4433",30000,30000,52,1,0.176470588235294,1,1,1508825191,2591609,1
"4435",1800,1800,49,4,0.266666666666667,1,1,1330413093,2929707,1
"4436",2000,2000,51,3,0.166666666666667,1,1,1308570784,2567216,1
"4437",300,437.24,33,1,0.03125,0,0,1449530541,2529459,0
"4438",50000,50000,22,0,0.136363636363636,1,1,1500361141,3016859,0
"4439",5000,5000,11,2,0.222222222222222,1,1,1375751409,2519391,1
"4440",2000,1600.77,28,1,0.111111111111111,0,0,1502794276,5162924,1
"4441",3000,3000,39,1,0.131578947368421,1,1,1477688413,2710787,1
"4442",55000,55000,29,1,0.142857142857143,1,1,1360794147,2615853,1
"4443",20000,2399.32,53,0,0.0943396226415094,0,0,1422130373,2540827,0
"4444",1750,1750,11,1,0.2,1,1,1452076383,2575617,0
"4445",3000,3000,31,0,0.129032258064516,1,1,1426811388,2521812,1
"4446",13000,13000,49,1,0.0833333333333333,1,1,1472520900,2777100,0
"4447",350,450.61,36,0,0.222222222222222,0,0,1500183786,2589414,0
"4448",6500,7262.49,46,1,0.111111111111111,0,0,1492555028,5120572,0
"4450",4000,4000,46,3,0.162790697674419,1,1,1364876580,2939820,0
"4451",10000,10000,35,1,0.176470588235294,1,1,1427943995,2512405,1
"4452",20000,22269.98,44,0,0.136363636363636,0,0,1464132410,2957590,0
"4453",3000,3000,36,1,0.142857142857143,1,1,1454131537,2507663,0
"4454",45000,45000,58,2,0.0714285714285714,1,1,1331346507,2514693,0
"4455",4000,4000,38,1,0.135135135135135,1,1,1494227178,2584422,1
"4456",1000,877.42,51,1,0.12,0,0,1414490539,2577461,1
"4457",20000,30891.85,59,3,0.0535714285714286,0,0,1368724540,2547860,1
"4458",6000,6000,56,3,0.0377358490566038,1,1,1341620870,2521930,1
"4459",45000,45000,44,0,0.113636363636364,1,1,1495850816,2515984,0
"4460",75000,109434.73,5,0,1,0,0,1425517156,2520044,0
"4461",2000,2000,25,2,0.173913043478261,1,1,1509006134,1805866,0
"4462",8500,8500,31,0,0.032258064516129,1,1,1487762117,2569483,0
"4463",50000,72161.53,28,1,0.0740740740740741,0,0,1459833823,4836977,0
"4464",500,500,79,4,0.253333333333333,1,1,1271154478,1276322,1
"4465",3000,3000,36,22,0.857142857142857,1,1,1350121934,3442066,0
"4466",25000,25000,27,3,0.25,1,1,1498816526,5166274,0
"4467",3500,5536.84,13,0,0.153846153846154,0,0,1412366275,2538125,0
"4469",5000,5000,38,1,0.378378378378378,1,1,1385801297,2581903,0
"4470",700,700,38,0,0.157894736842105,1,1,1440643873,1735727,1
"4471",5000,5000,19,0,0.157894736842105,1,1,1354610038,5174762,0
"4472",30000,30000,34,0,0.117647058823529,1,1,1433303988,2509212,0
"4473",55000,55000,60,4,0.0357142857142857,1,1,1487916824,3883576,0
"4474",4000,5723.85,28,0,0.142857142857143,0,0,1456284641,2942959,0
"4475",2e+05,303531.59,21,0,0.19047619047619,0,0,1440252957,2558643,0
"4476",6000,5264.54,13,0,0.153846153846154,0,0,1414219236,2589564,0
"4477",6000,6000,6,1,0.2,1,1,1422689704,2586296,1
"4479",8000,8000,46,2,0.204545454545455,1,1,1277782084,7176716,0
"4480",11000,11000,12,0,0.25,1,1,1443482692,3998108,0
"4481",6500,10925.66,49,3,0.0869565217391304,0,0,1395803651,2511949,0
"4482",10000,12329.39,12,0,0.166666666666667,0,0,1470478667,5164933,0
"4483",5000,5000,8,0,0.125,1,1,1357442182,2515418,1
"4484",15000,13609.15,19,0,0.105263157894737,0,0,1393550650,2518550,0
"4485",6518,8105.76,26,0,0.192307692307692,0,0,1413415484,2442916,0
"4487",6000,6000,57,0,0.157894736842105,1,1,1296149685,5052315,1
"4488",70000,54687.5,18,1,0.176470588235294,0,0,1426569971,2417629,0
"4489",3500,3500,60,3,0.140350877192982,1,1,1436741991,2527209,0
"4490",9001,9001,27,1,0.153846153846154,1,1,1447718088,2527512,0
"4491",2800,2800,53,2,0.156862745098039,1,1,1425399747,2723853,1
"4492",2000,2598.38,49,1,0.125,0,0,1497927124,2513276,0
"4493",13300,13300,57,3,0.148148148148148,1,1,1421384917,2508683,0
"4494",2500,2500,34,1,0.333333333333333,1,1,1323399065,2516935,1
"4495",250,250,44,0,0.136363636363636,1,1,1398819328,2520272,1
"4496",25000,25000,18,2,0.25,1,1,1430774946,2532654,0
"4498",20000,20000,57,2,0.109090909090909,1,1,1454571803,1721797,1
"4499",800,643.04,36,1,0.171428571428571,0,0,1501208316,2515284,0
"4500",20000,20000,11,0,0.181818181818182,1,1,1329201390,2499810,0
"4501",3000,3000,32,1,0.129032258064516,1,1,1490827751,2527849,1
"4502",1000,1000,20,0,0.15,1,1,1500424250,2521750,0
"4504",600,1002.52,19,3,0.1875,0,0,1389405053,2434147,1
"4505",10,10,16,0,0.125,1,1,1453796313,5172087,0
"4506",11500,17387.36,23,0,0.0869565217391304,0,0,1424702219,5149381,0
"4507",500,721.62,35,0,0.142857142857143,0,0,1459741635,5101965,0
"4508",1000,1000,54,1,0.0377358490566038,1,1,1347958315,2578085,0
"4509",550,550,12,0,0.916666666666667,1,1,1337501803,2407397,1
"4510",30000,30000,16,1,0.4,1,1,1355903820,5176980,0
"4511",1951,1951,27,2,0.08,1,1,1311711999,2536401,0
"4513",6350,5161.34,22,1,0.142857142857143,0,0,1431488662,2510138,0
"4514",5000,6093.85,55,3,0.0769230769230769,0,0,1474936090,2003510,0
"4516",15000,15000,53,2,0.0392156862745098,1,1,1328248412,5094388,0
"4517",350,350,9,0,0.555555555555556,1,1,1487816389,2515211,0
"4518",5000,5000,43,2,0.170731707317073,1,1,1372891592,2528008,0
"4519",10000,10000,44,3,0.292682926829268,1,1,1429100434,5071166,0
"4520",2500,4183.68,12,0,0.166666666666667,0,0,1399417135,1663265,0
"4522",10000,10000,44,3,0.0731707317073171,1,1,1374244288,3680912,1
"4523",4500,4500,29,0,0.137931034482759,1,1,1490781912,2573688,0
"4524",5000,5000,33,3,0.233333333333333,1,1,1457401783,2517017,1
"4525",3000,4491.22,41,1,0.875,0,0,1369928624,3071776,0
"4526",5000,5000,23,0,0.173913043478261,1,1,1425614285,2509315,0
"4527",1000,1000,20,2,0.166666666666667,1,1,1351833208,2594792,1
"4528",50000,50000,60,3,0.210526315789474,1,1,1358986300,2526500,0
"4529",4000,4000,32,1,0.129032258064516,1,1,1376115202,2587598,1
"4530",20000,20000,9,1,0.25,1,1,1351179986,2556814,1
"4532",20000,15555.73,27,0,0.111111111111111,0,0,1418733677,3431923,0
"4533",5000,5000,59,2,0.140350877192982,1,1,1319163207,5111193,0
"4534",25000,27732.48,49,3,0.0652173913043478,0,0,1474991693,2984707,1
"4535",10000,10000,58,0,0.0517241379310345,1,1,1494830027,2586373,0
"4536",500,500,9,2,0.142857142857143,1,1,1300459437,2038563,1
"4537",3500,3186.45,39,3,0.194444444444444,0,0,1391113759,2539841,0
"4538",1100,1100,32,0,0.15625,1,1,1490897890,2544110,1
"4539",60000,60000,38,2,0.138888888888889,1,1,1465283438,3448162,0
"4541",2000,2000,45,1,0.295454545454545,1,1,1310971312,1808288,1
"4542",3000,3000,32,1,0.161290322580645,1,1,1298944615,5194985,0
"4543",2000,2000,14,0,0.285714285714286,1,1,1442097876,1318524,1
"4544",14000,14000,56,2,0.185185185185185,1,1,1494282524,2529076,1
"4545",1000,1000,28,5,0.217391304347826,1,1,1331709606,2583594,1
"4546",6000,6000,48,1,0.191489361702128,1,1,1466197107,2534493,0
"4547",1474,1474,43,0,0.116279069767442,1,1,1341531370,1488230,1
"4548",4000,4000,57,1,0.0892857142857143,1,1,1426758076,2575124,0
"4549",2000,2000,20,2,0.111111111111111,1,1,1371791298,3455502,0
"4550",6000,6000,40,2,0.105263157894737,1,1,1415325676,2519924,1
"4551",1600,1600,25,0,0.2,1,1,1454967158,2536042,0
"4552",10000,10000,41,1,0.125,1,1,1490147915,2602885,0
"4553",11000,11000,45,1,0.159090909090909,1,1,1425364742,2499658,0
"4554",2000,2000,52,1,0.0392156862745098,1,1,1410611174,2565226,0
"4555",3000,3000,35,0,0.885714285714286,1,1,1334491746,2566254,1
"4556",2000,2000,13,0,0.153846153846154,1,1,1385630446,3875954,0
"4557",500,500,13,0,0.153846153846154,1,1,1390533921,2514879,1
"4558",2500,2500,16,0,0.25,1,1,1364626751,2584849,0
"4559",51000,39086.45,48,1,0.297872340425532,0,0,1434336110,3809890,0
"4560",25000,25000,48,4,0.159090909090909,1,1,1486181715,2511885,0
"4562",13000,13000,37,1,0.138888888888889,1,1,1407464136,2515464,0
"4564",45000,45000,47,1,0.0869565217391304,1,1,1402655997,2571603,1
"4566",2000,2000,40,2,0.0526315789473684,1,1,1499424919,2657081,1
"4567",40000,34010.71,35,0,0.171428571428571,0,0,1392077599,1748801,0
"4568",15000,15000,11,0,0.181818181818182,1,1,1300918249,2616551,0
"4569",55000,55000,24,1,0.130434782608696,1,1,1381993227,3193173,1
"4570",5000,6138.89,47,1,0.0869565217391304,0,0,1481847319,2526281,0
"4571",200,200,20,0,0.15,1,1,1503482708,2573692,0
"4572",6000,6000,36,1,0.114285714285714,1,1,1411016679,2937321,1
"4573",20000,20000,45,1,0.0681818181818182,1,1,1305130006,2638394,1
"4574",2000,2000,30,2,0.214285714285714,1,1,1365203518,2612882,0
"4575",1500,1500,24,0,0.916666666666667,1,1,1469087650,2581550,0
"4577",12000,12000,8,0,0.125,1,1,1370758540,2587460,1
"4578",6500,8633.86,8,0,0,0,0,1464283371,2547429,0
"4579",6000,6000,57,2,0.0545454545454545,1,1,1301538824,2514376,0
"4580",2e+05,2e+05,15,0,0.8,1,1,1325675298,2573502,0
"4581",35000,35000,18,0,0.166666666666667,1,1,1466553894,3819306,0
"4582",500,500,30,1,0.0344827586206897,1,1,1405396339,2509661,0
"4584",1500,1992.43,33,1,0.15625,0,0,1463623622,3379978,1
"4585",2500,2722.24,28,0,0.0357142857142857,0,0,1434584618,2524582,0
"4586",3000,3131.69,44,1,0.116279069767442,0,0,1479258444,2523156,1
"4587",12500,12500,35,1,0.205882352941176,1,1,1504039400,2535400,0
"4588",4300,4545.98,60,2,0.0689655172413793,0,0,1423612667,2523733,1
"4590",20000,20000,60,1,0.203389830508475,1,1,1473189472,3058928,1
"4591",2500,3879.22,9,0,0.222222222222222,0,0,1435904663,2500537,0
"4592",5000,5000,34,3,0.161290322580645,1,1,1316315907,2511693,0
"4593",150,150,38,1,0.162162162162162,1,1,1424310197,447403,1
"4594",15000,15000,52,1,0.0980392156862745,1,1,1403057992,2256008,0
"4595",6000,6000,32,2,0.166666666666667,1,1,1406494090,3226310,1
"4596",20000,20000,13,2,0.181818181818182,1,1,1477435677,2531523,0
"4597",195000,156689.43,10,1,0.222222222222222,0,0,1417752330,5104470,0
"4598",700,700,31,1,0.133333333333333,1,1,1418699223,1824777,1
"4599",5500,5500,51,0,0.0784313725490196,1,1,1438675838,2580562,0
"4600",3000,3000,50,3,0.297872340425532,1,1,1343024928,2586672,0
"4601",10000,10000,7,0,0.285714285714286,1,1,1315641687,4827513,0
"4602",3000,3000,22,0,0.136363636363636,1,1,1379412026,3351574,1
"4603",15000,15000,57,2,0.109090909090909,1,1,1435631017,5106983,0
"4604",8500,8500,41,2,0.179487179487179,1,1,1409126509,2581091,1
"4605",675,675,58,1,0.140350877192982,1,1,1334892785,2510815,1
"4606",20000,20000,21,0,0.0952380952380952,1,1,1343364649,4320551,1
"4607",15000,15000,26,4,0.227272727272727,1,1,1268118049,7682351,0
"4608",17500,17500,7,0,0,1,1,1372188059,2540341,0
"4609",7000,7000,48,1,0.148936170212766,1,1,1362863941,2533259,1
"4610",6000,6000,52,2,0.14,1,1,1364245832,2533768,1
"4611",1000,1000,18,0,0.111111111111111,1,1,1433501596,2138804,0
"4612",8500,8500,43,2,0.317073170731707,1,1,1337642185,3822215,0
"4614",3500,3883.58,30,1,0.172413793103448,0,0,1434634431,833169,0
"4615",10000,10000,6,0,1,1,1,1441716381,2564019,1
"4616",12000,12000,11,2,0.222222222222222,1,1,1452328534,1286666,0
"4617",15000,15000,33,1,0.09375,1,1,1486591449,4258551,0
"4618",1500,1500,19,0,0,1,1,1354664158,2528642,0
"4619",500,757.29,60,4,0.178571428571429,0,0,1360430620,2547380,0
"4620",21300,35320.45,60,4,0.125,0,0,1406585112,2530488,0
"4622",95000,95000,37,2,0.171428571428571,1,1,1332905332,4239068,0
"4623",2000,2227.99,58,2,0.125,0,0,1470367676,5103124,1
"4624",12000,12000,28,2,0.461538461538462,1,1,1318653973,4756427,1
"4625",1500,1500,56,1,0.127272727272727,1,1,1341986294,2156506,0
"4626",2000,2881.72,46,0,0.152173913043478,0,0,1461528854,1154746,1
"4627",3500,3500,33,7,0.384615384615385,1,1,1310611368,3464232,0
"4628",4300,4300,21,0,0.0952380952380952,1,1,1417859177,2578423,0
"4629",1280,1280,48,2,0.41304347826087,1,1,1502775262,1898738,0
"4632",50000,59599.73,38,1,0.351351351351351,0,0,1501627995,2527605,0
"4633",2500,2500,48,8,0.25,1,1,1447799500,2532500,0
"4634",8000,8000,60,1,0.0508474576271186,1,1,1398717298,2881502,1
"4635",2500,2500,54,2,0.115384615384615,1,1,1314803690,2641510,0
"4636",15000,15000,15,0,0.2,1,1,1410584833,5187167,0
"4637",17000,17000,33,1,0.125,1,1,1383842193,2553807,1
"4638",13000,13000,54,6,0.125,1,1,1496949056,1763344,1
"4639",3000,4450.05,26,2,0.0833333333333333,0,0,1448792997,2575803,0
"4640",1000,1000,34,3,0.032258064516129,1,1,1427910109,2978291,1
"4641",3999,3999,23,0,0.130434782608696,1,1,1409177488,1234112,1
"4643",20000,20000,49,2,0.361702127659574,1,1,1376605363,5121437,1
"4644",3500,3500,20,1,0.368421052631579,1,1,1425019460,2844940,0
"4645",15000,15000,49,1,0.125,1,1,1394309592,2364408,1
"4646",10000,10000,60,3,0.087719298245614,1,1,1479258264,2523336,0
"4647",5000,5000,53,2,0.137254901960784,1,1,1385112611,2579389,0
"4648",10000,16124.87,40,2,0.157894736842105,0,0,1354084925,3367075,1
"4649",87000,87000,12,0,0.0833333333333333,1,1,1467072185,2523415,0
"4650",17500,17500,12,2,0.3,1,1,1499095378,2554622,0
"4651",3000,3000,30,2,0.178571428571429,1,1,1290335575,5167625,1
"4653",3125,3125,26,0,0.153846153846154,1,1,1484989441,852959,0
"4655",100,100,34,2,0.15625,1,1,1383714418,2508782,0
"4656",10000,11361.96,19,0,0.210526315789474,0,0,1441670548,2523452,0
"4657",12000,12000,54,1,0.132075471698113,1,1,1318303691,2514709,1
"4658",3000,3000,18,0,0.0555555555555556,1,1,1325479161,2596839,0
"4659",35000,35000,45,1,0.181818181818182,1,1,1340145004,1146596,0
"4660",900,900,19,0,0.684210526315789,1,1,1298128461,5233539,1
"4661",65000,52931.6,27,0,0.037037037037037,0,0,1418110394,2586406,0
"4662",150000,167595.89,29,0,0.137931034482759,0,0,1495085900,2589700,0
"4663",48250,48250,48,0,0.0625,1,1,1470256590,1758210,1
"4665",10000,10000,19,0,0.157894736842105,1,1,1301366923,5191877,0
"4666",2000,2000,20,0,0.15,1,1,1411767974,2531626,1
"4667",12500,12500,24,0,0.125,1,1,1499737083,2517717,0
"4668",35000,35000,60,2,0.120689655172414,1,1,1407315791,2836609,1
"4669",35000,35000,45,0,0.133333333333333,1,1,1375513316,5176684,0
"4671",5000,5000,14,0,0.357142857142857,1,1,1403597647,1197953,1
"4672",500,500,38,2,0.111111111111111,1,1,1414093784,2542216,0
"4673",650,650,49,1,0.166666666666667,1,1,1354609748,2583052,0
"4674",10500,10500,8,0,0.125,1,1,1363214985,2527815,1
"4675",2000,2000,30,1,0.137931034482759,1,1,1469236208,3210592,0
"4676",5000,5000,19,0,0.105263157894737,1,1,1493664632,2542168,0
"4677",1500,1500,58,0,0.103448275862069,1,1,1385330777,2534023,1
"4679",31910,31910,23,2,0.19047619047619,1,1,1493078043,2523957,0
"4680",20000,20000,21,0,0.142857142857143,1,1,1342665063,3378537,0
"4681",2e+05,25778.51,29,1,0.142857142857143,0,0,1480979004,3394596,0
"4682",8500,8500,39,0,0.153846153846154,1,1,1258945755,6058245,0
"4683",50000,5845.7,15,0,0.133333333333333,0,0,1465287349,2580251,1
"4684",25000,25000,36,0,0.166666666666667,1,1,1380062514,2528286,0
"4685",38000,38000,47,1,0.0434782608695652,1,1,1412657941,3373259,1
"4686",25000,25000,19,0,0.157894736842105,1,1,1428030450,2512350,0
"4687",1800,1800,56,5,0.137254901960784,1,1,1513446575,994225,0
"4689",16500,16500,12,0,0.166666666666667,1,1,1334703022,2527778,0
"4690",3000,3000,33,1,0.15625,1,1,1336438587,2520213,0
"4691",2000,2000,49,1,0.375,1,1,1323084703,2312897,1
"4692",10,16.69,38,1,0.27027027027027,0,0,1405126399,2520401,0
"4693",5262,5262,38,3,0.0857142857142857,1,1,1311224088,2505912,1
"4694",18286,18286,57,1,0.160714285714286,1,1,1475276438,2527162,1
"4695",2000,2000,49,1,0.1875,1,1,1383947484,2966916,1
"4696",30000,30000,12,2,0.5,1,1,1423192148,2515852,0
"4697",15000,23066.63,43,3,0.05,0,0,1421213378,2507422,0
"4698",10000,7762.77,18,0,0.166666666666667,0,0,1460166046,2517554,0
"4699",12000,12000,31,1,0.133333333333333,1,1,1453470275,1181725,1
"4700",20000,20000,52,2,0.1,1,1,1494236696,2574904,0
"4701",15000,15000,32,1,0.193548387096774,1,1,1425241906,2622494,1
"4702",400,436.56,11,0,0.181818181818182,0,0,1449124137,3281463,1
"4703",100,131.96,47,0,0.0851063829787234,0,0,1509930873,967527,1
"4705",2e+05,2e+05,31,1,0.1,1,1,1432096141,5099459,0
"4706",7000,7000,43,0,0.116279069767442,1,1,1374210569,4233031,0
"4707",1e+05,12891.42,7,0,0.142857142857143,0,0,1476885145,2477255,0
"4708",2100,2100,25,3,0.0909090909090909,1,1,1414549910,3554890,0
"4709",750,1059.76,37,3,0.147058823529412,0,0,1456854514,1509086,1
"4710",4600,4600,59,0,0.101694915254237,1,1,1376437291,2524709,0
"4711",28260,44733.59,18,0,0.222222222222222,0,0,1376238251,2550949,0
"4712",4000,4000,21,0,0.19047619047619,1,1,1481678516,2522284,0
"4713",10000,10000,29,0,0.137931034482759,1,1,1461624652,2527748,0
"4714",3000,3000,21,0,0.19047619047619,1,1,1506889348,2623052,0
"4715",500,500,28,1,0.111111111111111,1,1,1271829762,860238,1
"4717",800,800,15,0,0.2,1,1,1411678701,2534499,0
"4718",600,600,37,0,0.216216216216216,1,1,1337046232,1566968,1
"4719",150000,150000,17,0,0.176470588235294,1,1,1364966254,2418146,0
"4720",40000,40000,58,1,0.157894736842105,1,1,1333500963,3816237,0
"4721",5925,5925,7,0,1,1,1,1305794764,3269636,0
"4722",25000,25000,60,4,0.285714285714286,1,1,1340351095,5174105,0
"4723",2200,2200,60,3,0.140350877192982,1,1,1399207920,2563680,0
"4725",17000,17000,58,2,0.0892857142857143,1,1,1303210006,2398394,1
"4726",2000,2000,9,0,0.222222222222222,1,1,1458340826,5120374,0
"4727",5000,5000,42,1,0.024390243902439,1,1,1464937010,5176990,0
"4728",1600,1600,43,2,0.146341463414634,1,1,1388732586,2156214,1
"4729",10000,10000,32,3,0.172413793103448,1,1,1467513165,2514435,1
"4730",2000,2000,54,0,0.166666666666667,1,1,1489521119,3834481,0
"4731",1e+05,79088.9,18,0,0.111111111111111,0,0,1425362064,2502336,0
"4733",4500,3600.29,24,1,0.130434782608696,0,0,1505334631,2536169,0
"4734",45000,40196.52,58,2,0.178571428571429,0,0,1385534784,5181216,0
"4735",15000,15000,31,0,0,1,1,1433156511,2483889,0
"4736",30000,30000,45,2,0.0697674418604651,1,1,1376439394,3386606,1
"4737",1500,1500,44,1,0.0930232558139535,1,1,1393898211,2516589,0
"4739",500,533.05,38,1,0.135135135135135,0,0,1481323717,2531483,0
"4740",5000,8227.88,42,2,0.025,0,0,1385602782,5113218,0
"4741",500,500,22,0,0.0454545454545455,1,1,1436351190,412410,0
"4742",15000,15000,54,1,0.0754716981132075,1,1,1416581397,2560203,0
"4743",200,200,28,1,0.185185185185185,1,1,1433373911,4944889,0
"4744",2800,2800,59,5,0.185185185185185,1,1,1365560644,2428556,1
"4745",10500,8033.66,15,0,0.133333333333333,0,0,1430211101,2578099,0
"4747",250,250,18,1,0.176470588235294,1,1,1406782162,1728638,1
"4748",52,79.16,31,2,0.137931034482759,0,0,1444701094,2520506,0
"4750",15000,15000,17,0,0.117647058823529,1,1,1424845738,2500262,0
"4751",400,400,13,0,0.769230769230769,1,1,1305521038,1901762,1
"4752",550,550,27,4,0.0434782608695652,1,1,1284628026,2577174,0
"4754",50000,50000,53,2,0.176470588235294,1,1,1416703841,2351359,0
"4755",1000,1000,58,1,0.140350877192982,1,1,1325927357,2580643,1
"4756",1000,1191.99,41,4,0.0540540540540541,0,0,1498573456,5150144,1
"4757",5500,5500,39,2,0.864864864864865,1,1,1301242641,1860159,1
"4758",10000,10000,6,0,0,1,1,1404410679,2544921,0
"4759",1500,1500,27,0,0.148148148148148,1,1,1407905632,2505968,0
"4761",15000,15000,22,0,0.136363636363636,1,1,1448920720,1843280,1
"4762",10000,10000,39,1,0.157894736842105,1,1,1509966534,4647066,1
"4763",500,782.01,53,3,0.1,0,0,1429389126,2536074,1
"4764",4000,4000,44,4,0.475,1,1,1354334707,2512493,1
"4765",50000,50000,21,0,0.238095238095238,1,1,1386827929,3110471,1
"4766",550,550,39,2,0.135135135135135,1,1,1338873249,2591151,0
"4767",20000,20000,24,0,0.0833333333333333,1,1,1433913965,2590435,0
"4768",6000,6000,39,2,0.243243243243243,1,1,1341995624,1887976,1
"4769",6500,6500,58,1,0.0175438596491228,1,1,1455921113,2528887,1
"4771",8000,7354.97,51,3,0.0833333333333333,0,0,1397304986,2652214,1
"4772",6000,6000,24,0,0.208333333333333,1,1,1318641371,4077829,0
"4773",500,500,44,2,0.119047619047619,1,1,1472244792,1670808,0
"4774",110000,110000,10,0,0.1,1,1,1434387415,5140985,0
"4775",5000,3759.12,45,1,0.159090909090909,0,0,1425541635,2495565,1
"4776",25000,25000,9,0,0.222222222222222,1,1,1450058677,2519723,0
"4777",4000,4000,47,0,0.170212765957447,1,1,1376438640,1745760,1
"4778",3500,3500,15,0,0.2,1,1,1426471233,1220367,0
"4779",1000,1505.19,52,1,0.0784313725490196,0,0,1445796216,2548584,0
"4780",50000,45599.64,27,1,0.153846153846154,0,0,1395879803,2867797,1
"4781",4500,4500,19,0,0.263157894736842,1,1,1408174855,3014345,0
"4782",10000,10000,22,1,0.523809523809524,1,1,1484866823,2530777,1
"4783",50,50,50,1,0.183673469387755,1,1,1404956487,2517513,1
"4784",10000,10000,14,0,0.142857142857143,1,1,1319605767,3372633,1
"4785",5800,4141.08,40,2,0.0789473684210526,0,0,1502266848,5171952,0
"4787",25000,25000,16,0,0.1875,1,1,1424479589,5112811,0
"4788",1000,1000,53,2,0.176470588235294,1,1,1423294695,2582505,1
"4789",3000,3000,34,5,0.103448275862069,1,1,1462259323,5176277,1
"4790",8000,8000,49,1,0.125,1,1,1317273220,3890780,0
"4791",1000,1000,15,0,0.133333333333333,1,1,1472859083,1229317,0
"4794",500,500,43,2,0.0731707317073171,1,1,1440648632,1730968,0
"4795",2000,2118.4,38,1,0.162162162162162,0,0,1477112723,2595277,0
"4796",15000,15000,44,1,0.13953488372093,1,1,1462932848,2515552,1
"4797",200,200,32,2,0.5,1,1,1309718129,3407071,1
"4798",300,455.53,30,2,0.214285714285714,0,0,1421433585,3669615,1
"4799",750,750,44,3,0.219512195121951,1,1,1284184712,2934088,1
"4800",600,922.99,59,1,0.103448275862069,0,0,1365205016,2524984,1
"4801",5000,5000,38,2,0.166666666666667,1,1,1270238424,7635576,0
"4802",15000,15000,57,2,0.236363636363636,1,1,1368745572,3995628,0
"4804",6000,6000,29,2,0.148148148148148,1,1,1247710489,787511,1
"4805",5000,5000,35,0,0.0857142857142857,1,1,1368748505,1227895,0
"4806",4000,4000,55,2,0.0754716981132075,1,1,1292193295,3137105,1
"4807",1000,1606.79,36,0,0.0833333333333333,0,0,1381880162,2528638,0
"4808",2000,3089.18,9,0,0.444444444444444,0,0,1369097331,2520669,0
"4809",25000,25000,53,1,0.403846153846154,1,1,1360118164,2690636,0
"4810",40000,40000,32,3,0.137931034482759,1,1,1396561628,3395572,0
"4813",850,850,28,0,0.178571428571429,1,1,1301951069,2534131,1
"4814",90000,90000,42,1,0.121951219512195,1,1,1348183381,2612219,0
"4815",500,500,33,3,0.2,1,1,1440912974,5095426,1
"4816",4000,4000,34,0,0.117647058823529,1,1,1435469433,2590167,1
"4817",40000,40000,20,1,0.473684210526316,1,1,1482912300,3448500,1
"4818",750,750,23,0,0.0869565217391304,1,1,1350108376,2591624,0
"4819",1,1,54,1,0.207547169811321,1,1,1447813949,2518051,1
"4820",300,300,17,0,0.176470588235294,1,1,1485669155,4921645,1
"4821",300,300,25,0,0.16,1,1,1423801683,2075517,1
"4822",2e+05,2e+05,51,0,0.0980392156862745,1,1,1429041192,2538408,0
"4823",3000,3000,10,0,1,1,1,1329791219,4329181,0
"4824",300,300,26,1,0.2,1,1,1435014204,1144596,1
"4825",7000,7000,10,1,0.222222222222222,1,1,1412657789,2509411,1
"4826",1000,1000,13,0,0.230769230769231,1,1,1456450462,2517938,0
"4828",6500,6500,54,3,0.117647058823529,1,1,1347072330,3377670,1
"4829",10000,10000,41,1,0.15,1,1,1482180977,2538223,0
"4830",110,110,23,0,0.0869565217391304,1,1,1502239070,793330,1
"4831",10000,7509.76,20,0,0.15,0,0,1470896204,3019396,0
"4832",25000,25000,19,0,0.157894736842105,1,1,1444808049,2845551,0
"4833",15000,15000,28,0,0.107142857142857,1,1,1460958654,2588946,0
"4835",50000,50000,23,1,0.136363636363636,1,1,1407210833,2509567,0
"4836",220,294.55,35,0,0.142857142857143,0,0,1504015554,2559246,1
"4837",1000,1000,26,2,0.125,1,1,1319642129,5150671,0
"4838",3600,3600,19,1,0.444444444444444,1,1,1307326576,2515424,0
"4840",4000,4000,35,1,0.176470588235294,1,1,1498686461,2531539,1
"4841",1500,1500,14,1,0.153846153846154,1,1,1461318773,3870427,0
"4842",4000,4000,23,0,0.260869565217391,1,1,1419306810,1649190,1
"4843",8000,8000,32,0,0.125,1,1,1390106819,2509981,0
"4844",35000,35000,20,0,0.2,1,1,1428970330,5114870,0
"4845",5000,5000,46,2,0.136363636363636,1,1,1306650586,7770614,0
"4846",3000,3000,5,0,1,1,1,1328217733,4261067,1
"4848",1000,1000,22,0,0.181818181818182,1,1,1345031184,2567616,1
"4849",5000,6758.67,34,0,0.117647058823529,0,0,1509816413,4278787,0
"4850",13000,13000,29,2,0.407407407407407,1,1,1355206027,5010773,0
"4851",4000,4000,41,5,0.416666666666667,1,1,1406941116,360084,0
"4852",20000,20000,41,2,0.128205128205128,1,1,1323051115,5111285,0
"4853",1300,2011.7,52,4,0.270833333333333,0,0,1435119505,2076095,1
"4854",2000,1570.6,16,1,0.133333333333333,0,0,1422775546,3018854,1
"4855",25000,25000,28,0,0.142857142857143,1,1,1489630773,2342427,0
"4856",10000,10000,50,1,0.0408163265306122,1,1,1433215921,2510879,0
"4857",8000,8000,18,2,0.1875,1,1,1427336839,2687561,0
"4858",2400,2400,54,1,0.150943396226415,1,1,1344504525,2575875,1
"4859",2500,2500,17,0,0.176470588235294,1,1,1487300772,2512428,0
"4860",3e+05,3e+05,10,0,0.2,1,1,1445041727,2439073,0
"4861",6000,6000,17,0,0.176470588235294,1,1,1423387464,2576136,0
"4863",8750,8750,55,1,0.111111111111111,1,1,1402948223,2538577,0
"4864",15000,14029.18,34,1,0.818181818181818,0,0,1384908879,2523921,0
"4865",3000,3000,16,1,0.2,1,1,1493377222,2570378,0
"4866",500,500,50,3,0.127659574468085,1,1,1511273690,402310,0
"4867",40000,35580.86,60,1,0,0,0,1407905345,5098255,0
"4868",150000,150000,37,1,0.166666666666667,1,1,1469147789,2521411,0
"4869",2000,1815.21,54,0,0.12962962962963,0,0,1395719891,2509309,1
"4870",12000,13547.99,60,2,0.120689655172414,0,0,1469187074,2568526,1
"4871",20000,20000,21,0,0.19047619047619,1,1,1285824819,7777581,0
"4872",5000,5000,16,0,0.125,1,1,1346148103,3869897,0
"4873",350,350,35,0,0.142857142857143,1,1,1406878583,2582617,1
"4876",50000,50000,51,1,0.1,1,1,1393402521,2580279,0
"4877",3000,4578.06,58,2,0.125,0,0,1371608016,2515584,1
"4878",3000,3000,55,1,0.166666666666667,1,1,1463545269,2507931,1
"4879",1400,1400,47,1,0.282608695652174,1,1,1316577646,1040354,0
"4880",20,21.22,37,1,0.0555555555555556,0,0,1485408939,2507061,0
"4881",6000,6703.84,41,3,0.236842105263158,0,0,1495636267,2384933,0
"4882",25000,25000,20,0,0.15,1,1,1382334503,5184697,0
"4883",500,500,59,3,0.142857142857143,1,1,1334706858,1746342,1
"4884",5000,5000,60,0,0.133333333333333,1,1,1339743142,2585258,1
"4886",500,500,22,0,0.181818181818182,1,1,1383891303,1208697,1
"4887",2000,2000,33,1,0.125,1,1,1447906556,2511844,0
"4889",75000,122585.07,51,0,0.117647058823529,0,0,1383077066,2541334,1
"4890",5000,5000,42,2,0.175,1,1,1429234814,2517586,1
"4891",11000,11000,55,3,0,1,1,1502833885,2531315,0
"4892",5000,5315.02,36,0,0.833333333333333,0,0,1486517496,5110104,0
"4893",5000,5000,32,1,0.161290322580645,1,0,1460420957,2521843,1
"4894",18000,18000,12,2,0,1,1,1441250951,2511049,0
"4897",50000,50000,22,3,0.315789473684211,1,1,1385530600,4580600,0
"4898",1e+05,1e+05,32,3,0.172413793103448,1,1,1446073170,5122830,0
"4900",40000,40000,19,0,0.210526315789474,1,1,1407280791,2526009,0
"4901",2000,2000,31,0,0,1,1,1299734114,2591086,1
"4902",15000,15000,57,1,0.267857142857143,1,1,1320357332,3830668,0
"4903",5000,5000,39,1,0.105263157894737,1,1,1331361327,2586273,0
"4904",1500,1500,46,2,0.136363636363636,1,1,1359701775,860625,1
"4905",2000,2000,53,2,0.117647058823529,1,1,1340525449,5172551,0
"4906",20000,20000,37,2,0.171428571428571,1,1,1355546066,4152334,0
"4907",25,25,30,0,0.166666666666667,1,1,1369963902,1740498,1
"4908",400,400,22,0,0.136363636363636,1,1,1397622532,2507468,0
"4909",25000,29982.49,45,2,0.0465116279069767,0,0,1511421080,2674120,0
"4910",3675,3675,20,0,0.25,1,1,1436599774,2583026,0
"4911",15000,15943.54,42,1,0.0731707317073171,0,0,1476382605,2547795,0
"4912",120000,120000,54,0,0.185185185185185,1,1,1456777120,2536880,0
"4913",20000,20000,51,1,0.12,1,1,1410775601,2573599,0
"4914",50000,50000,12,0,0.166666666666667,1,1,1409961128,3042472,0
"4915",250,250,12,1,0.181818181818182,1,1,1447900300,3814100,1
"4916",9500,9500,11,0,0.181818181818182,1,1,1322438487,4687113,1
"4917",8888,8888,32,1,0.225806451612903,1,1,1275219641,5159959,0
"4918",1000,751.6,36,1,0.0285714285714286,0,0,1443565912,3396488,0
"4919",11000,11000,15,0,0.933333333333333,1,1,1446725778,2483022,0
"4920",850,850,21,2,0.263157894736842,1,1,1502253299,1643101,1
"4921",50000,50000,58,2,0.0535714285714286,1,1,1377135955,2517245,0
"4922",19,19,23,3,0.9,1,1,1412643340,2523860,0
"4923",45000,45000,57,3,0.203703703703704,1,1,1338117162,2396838,0
"4925",1200,1155.07,51,3,0.166666666666667,0,0,1378781445,2513355,0
"4926",1500,1500,33,1,0.125,1,1,1315432092,803508,1
"4928",8000,8000,59,2,0.0350877192982456,1,1,1430466209,2927791,0
"4929",4000,4000,29,0,0.137931034482759,1,1,1491431256,2529144,0
"4930",5000,6329.75,25,0,0.16,0,0,1473339296,5159104,0
"4931",21000,33221.54,22,0,0.136363636363636,0,0,1355192415,3382785,0
"4932",47000,47000,45,1,0.204545454545455,1,1,1466405261,2585539,1
"4933",8000,8000,19,0,0.157894736842105,1,1,1463004176,2357824,1
"4934",10000,10000,53,1,0.0961538461538462,1,1,1280388536,4224664,0
"4935",7500,6789.79,11,0,0.0909090909090909,0,0,1407214381,3197219,0
"4936",600,600,60,3,0.824561403508772,1,1,1323846200,2588200,1
"4937",1500,2348.19,17,0,0.117647058823529,0,0,1413328740,2529660,0
"4938",750,750,11,0,0.0909090909090909,1,1,1328257349,1892251,1
"4940",125000,125000,55,4,0.0588235294117647,1,1,1464270080,3079120,0
"4941",5000,5000,53,1,0.134615384615385,1,1,1342539650,5145550,0
"4942",50000,50000,18,0,0.166666666666667,1,1,1423123574,2498026,0
"4943",15000,15000,27,2,0.2,1,1,1372852843,2566757,0
"4944",15000,15000,25,0,0.16,1,1,1348883785,2516615,1
"4945",10000,11201.97,58,3,0.0545454545454545,0,0,1450072738,4147262,1
"4946",18000,18000,33,1,0.125,1,1,1494889213,2527187,1
"4947",2700,2700,55,3,0.153846153846154,1,1,1431665124,2506476,0
"4948",500,500,22,0,0.181818181818182,1,1,1294639269,2591931,1
"4950",6500,6500,21,0,0.238095238095238,1,1,1463543243,3201157,1
"4951",10000,10000,32,2,0.366666666666667,1,1,1400230245,2578155,0
"4952",4800,4800,35,0,0.114285714285714,1,1,1388525420,2536180,0
"4953",10000,10000,22,0,0.181818181818182,1,1,1341706898,2522302,1
"4954",1e+06,1563477.17,60,3,0.12280701754386,0,0,1436897187,2544813,0
"4955",7500,7500,35,2,0.0606060606060606,1,1,1393297426,2512574,0
"4956",10000,10000,41,4,0.216216216216216,1,1,1326938035,2520365,0
"4958",650,504.58,56,2,0.111111111111111,0,0,1460447796,2581404,0
"4959",1500,1500,59,0,0.11864406779661,1,1,1485915097,1655303,1
"4960",85000,85000,59,1,0.0517241379310345,1,1,1379305073,3804127,0
"4961",500,500,50,3,0.191489361702128,1,1,1422801554,5149246,0
"4962",70000,70000,41,0,0.121951219512195,1,1,1447633024,2526176,0
"4963",300,300,54,2,0.115384615384615,1,1,1446623447,2585353,1
"4964",5000,5000,12,1,0.272727272727273,1,1,1433807593,2524007,0
"4965",2000,3084.61,9,0,0.111111111111111,0,0,1439347612,2167988,1
"4966",5000,5000,60,0,0.116666666666667,1,1,1483753902,619698,0
"4967",25000,25000,16,0,0.125,1,1,1355431406,2538994,0
"4968",10000,7392.62,36,1,0.371428571428571,0,0,1493480228,2553772,0
"4969",13500,13500,24,4,0.1,1,1,1440744681,2671719,1
"4970",20000,20000,19,0,0.157894736842105,1,1,1346467151,2514049,0
"4971",6600,6600,45,2,0.186046511627907,1,1,1409569225,2570375,1
"4972",6800,6800,37,0,0.135135135135135,1,1,1386915452,2158948,0
"4973",3000,3000,9,0,1,1,1,1401757347,1137453,1
"4974",20000,20000,27,0,0.185185185185185,1,1,1388462831,5104369,0
"4975",70000,70000,43,0,0.13953488372093,1,1,1405693856,656944,0
"4976",400,400,51,5,0.108695652173913,1,1,1355466534,1553466,1
"4978",1e+05,12802.29,58,1,0.245614035087719,0,0,1496704684,2526116,0
"4979",8000,6400,60,0,0.0166666666666667,0,0,1430524238,2524162,0
"4980",1500,1500,58,5,0.226415094339623,1,1,1306648497,3107103,0
"4981",22,22,20,1,0.263157894736842,1,1,1410237382,174218,1
"4982",5000,5000,30,0,0.133333333333333,1,1,1435601948,2544052,0
"4983",25000,25000,48,2,0.152173913043478,1,1,1406600658,2514942,0
"4984",20000,23616.1,42,2,0.2,0,0,1501102619,2534581,1
"4985",3500,3500,54,1,0.150943396226415,1,1,1381192054,2525546,1
"4987",1500,2312.03,23,0,0.347826086956522,0,0,1426455145,4606055,1
"4988",5000,5000,51,2,0.102040816326531,1,1,1459551632,2527168,1
"4989",50000,50000,22,0,0.0909090909090909,1,1,1461128418,4319982,0
"4990",5000,5000,9,0,0.222222222222222,1,1,1484622343,2516057,0
"4991",8000,12899.9,43,1,0.166666666666667,0,0,1355464784,2332816,1
"4992",1300,1300,26,1,0.32,1,1,1339491320,1886680,1
"4995",3500,3500,29,0,0.0689655172413793,1,1,1383259980,2617620,0
"4996",9999,1502.19,50,1,0.183673469387755,0,0,1493317627,1765973,0
"4997",4000,4000,48,1,0.148936170212766,1,1,1421188186,2791814,1
"4998",1000,1000,58,1,0.0526315789473684,1,1,1290200066,2538334,0
"4999",1000,1000,48,1,0.106382978723404,1,1,1403917287,1310313,0
